<?xml version="1.0" encoding="UTF-8"?>
<project-private xmlns="http://www.netbeans.org/ns/project-private/1">
    <editor-bookmarks xmlns="http://www.netbeans.org/ns/editor-bookmarks/2" lastBookmarkId="0"/>
    <open-files xmlns="http://www.netbeans.org/ns/projectui-open-files/2">
        <group>
            <file>file:/C:/Users/emmak/OneDrive/Documents/NetBeansProjects/TimetableApp/src/timetableapp/TimetableApp.java</file>
            <file>file:/C:/Users/emmak/OneDrive/Documents/NetBeansProjects/TimetableApp/src/timetableapp/OnlineClass.java</file>
            <file>file:/C:/Users/emmak/OneDrive/Documents/NetBeansProjects/TimetableApp/src/timetableapp/TimetableGUI.java</file>
            <file>file:/C:/Users/emmak/OneDrive/Documents/NetBeansProjects/TimetableApp/src/timetableapp/Timetable.java</file>
            <file>file:/C:/Users/emmak/OneDrive/Documents/NetBeansProjects/TimetableApp/src/timetableapp/CampusClass.java</file>
        </group>
    </open-files>
</project-private>
